soil_type,tss_mg_l,lapam_mg_l,moisture_pct,actual_reduction_pct,predicted_reduction_pct
silt,0,400,7.65,33.19,29.704317458700174
clay loam,0,0,7.23,0.0,3.596569544794441
silt,0,0,7.65,0.0,7.962981065128386
clay loam,400,300,7.23,36.86,36.45799624634255
sandy clay,100,400,9.7,35.0,35.60887676464675
